{"cameraMode":{"drawMode":0,"name":"Shaded","section":"Shading Mode"},"sceneLighting":true,"audioPlay":false,"sceneViewState":{"m_AlwaysRefresh":false,"showFog":true,"showSkybox":true,"showFlares":true,"showImageEffects":true,"showParticleSystems":true,"showVisualEffectGraphs":true,"m_FxEnabled":true},"in2DMode":false,"pivot":{"x":2.3385419845581056,"y":19.003372192382814,"z":20.46112823486328},"rotation":{"x":0.006014474667608738,"y":0.742605447769165,"z":-0.6696828603744507,"w":0.006673717405647039},"size":69.1822280883789,"orthographic":false}