{"cameraMode":{"drawMode":0,"name":"Shaded","section":"Shading Mode"},"sceneLighting":true,"audioPlay":false,"sceneViewState":{"m_AlwaysRefresh":false,"showFog":true,"showSkybox":true,"showFlares":true,"showImageEffects":true,"showParticleSystems":true,"showVisualEffectGraphs":true,"m_FxEnabled":true},"in2DMode":false,"pivot":{"x":137.1211700439453,"y":-1.4533920288085938,"z":115.21318054199219},"rotation":{"x":-0.7130294442176819,"y":0.00042071417556144297,"z":-0.000423021410824731,"w":-0.7011346817016602},"size":111.79208374023438,"orthographic":false}