{"cameraMode":{"drawMode":0,"name":"Shaded","section":"Shading Mode"},"sceneLighting":false,"audioPlay":false,"sceneViewState":{"m_AlwaysRefresh":false,"showFog":true,"showSkybox":false,"showFlares":true,"showImageEffects":true,"showParticleSystems":true,"showVisualEffectGraphs":true,"m_FxEnabled":true},"in2DMode":false,"pivot":{"x":-0.013290595263242722,"y":-0.4820951223373413,"z":-0.37352728843688967},"rotation":{"x":-0.31152087450027468,"y":-0.009409341029822827,"z":0.0030884379521012308,"w":-0.9501880407333374},"size":4.028164386749268,"orthographic":false}